INSERT INTO user(ID,USERNAME,PASSWORD,ROLE, UPDATE_DATE ) VALUES(0,'admin','$2y$12$CMRQdtQWUxUGOUVAyf.DGOYsBUHtlX55vXA2pUMLCSmiKEkObV4UG','ADMIN',CURRENT_TIMESTAMP  )
INSERT INTO user(ID,USERNAME,PASSWORD,ROLE, UPDATE_DATE ) VALUES(1,'thomas','$2y$12$CMRQdtQWUxUGOUVAyf.DGOYsBUHtlX55vXA2pUMLCSmiKEkObV4UG','GAMEMANAGER',CURRENT_TIMESTAMP  )
INSERT INTO user(ID,USERNAME,PASSWORD,ROLE, UPDATE_DATE ) VALUES(2,'marcel','$2y$12$CMRQdtQWUxUGOUVAyf.DGOYsBUHtlX55vXA2pUMLCSmiKEkObV4UG','GAMEMANAGER',CURRENT_TIMESTAMP  )
INSERT INTO user(ID,USERNAME,PASSWORD,ROLE, UPDATE_DATE ) VALUES(3,'matthias','$2y$12$CMRQdtQWUxUGOUVAyf.DGOYsBUHtlX55vXA2pUMLCSmiKEkObV4UG','PLAYER',CURRENT_TIMESTAMP  )
INSERT INTO user(ID,USERNAME,PASSWORD,ROLE, UPDATE_DATE ) VALUES(4,'aaron','$2y$12$CMRQdtQWUxUGOUVAyf.DGOYsBUHtlX55vXA2pUMLCSmiKEkObV4UG','PLAYER',CURRENT_TIMESTAMP  )
INSERT INTO user(ID,USERNAME,PASSWORD,ROLE, UPDATE_DATE ) VALUES(5,'diana','$2y$12$CMRQdtQWUxUGOUVAyf.DGOYsBUHtlX55vXA2pUMLCSmiKEkObV4UG','PLAYER',CURRENT_TIMESTAMP  )
INSERT INTO user(ID,USERNAME,PASSWORD,ROLE, UPDATE_DATE ) VALUES(6,'klotz','$2y$12$CMRQdtQWUxUGOUVAyf.DGOYsBUHtlX55vXA2pUMLCSmiKEkObV4UG','PLAYER',CURRENT_TIMESTAMP  )
INSERT INTO user(ID,USERNAME,PASSWORD,ROLE, UPDATE_DATE ) VALUES(7,'huber','$2y$12$CMRQdtQWUxUGOUVAyf.DGOYsBUHtlX55vXA2pUMLCSmiKEkObV4UG','PLAYER',CURRENT_TIMESTAMP  )


INSERT INTO category(ID, NAME) VALUES (0, 'Deutschland')
INSERT INTO category(ID, NAME) VALUES (1, 'Haskell')
INSERT INTO category(ID, NAME) VALUES (2, 'Lorem')

INSERT INTO expression(ID, NAME, CATEGORY_ID) VALUES (0,'Bundestag',0)
INSERT INTO expression(ID, NAME, CATEGORY_ID) VALUES (1,'Berlin',0)
INSERT INTO expression(ID, NAME, CATEGORY_ID) VALUES (2,'Mercedes-Benz',0)
INSERT INTO expression(ID, NAME, CATEGORY_ID) VALUES (3,'Oktoberfest',0)
INSERT INTO expression(ID, NAME, CATEGORY_ID) VALUES (4,'Mallorca',0)

INSERT INTO expression(ID, NAME, CATEGORY_ID) VALUES (5,'foldl',1)
INSERT INTO expression(ID, NAME, CATEGORY_ID) VALUES (6,'zipWith',1)
INSERT INTO expression(ID, NAME, CATEGORY_ID) VALUES (7,'map',1)
INSERT INTO expression(ID, NAME, CATEGORY_ID) VALUES (8,'foo',1)
INSERT INTO expression(ID, NAME, CATEGORY_ID) VALUES (9,'bar',1)

INSERT INTO expression(ID, NAME, CATEGORY_ID) VALUES (10,'ipsum',2)
INSERT INTO expression(ID, NAME, CATEGORY_ID) VALUES (11,'dolor',2)
INSERT INTO expression(ID, NAME, CATEGORY_ID) VALUES (12,'sit',2)
INSERT INTO expression(ID, NAME, CATEGORY_ID) VALUES (13,'amet',2)
INSERT INTO expression(ID, NAME, CATEGORY_ID) VALUES (14,'consetetur',2)


INSERT INTO completed_game(ID, END_TIME, START_TIME, CATEGORY_ID) VALUES (0, '2020-12-14 18:52:14.1', '2020-12-14 18:36:14.1', 0)
INSERT INTO completed_game(ID, END_TIME, START_TIME, CATEGORY_ID) VALUES (1, '2020-12-15 15:56:14.1', '2020-12-15 15:32:14.1', 1)
INSERT INTO completed_game(ID, END_TIME, START_TIME, CATEGORY_ID) VALUES (2, '2020-12-18 16:46:14.1', '2020-12-15 16:42:14.1', 1)


INSERT INTO completed_game_team(ID, NUMBER_OF_GUESSED_EXPRESSIONS, NUMBER_OF_WRONG_EXPRESSIONS, SCORE, HAS_WON) VALUES (0,20,5, 40, true)
INSERT INTO completed_game_team(ID, NUMBER_OF_GUESSED_EXPRESSIONS, NUMBER_OF_WRONG_EXPRESSIONS, SCORE, HAS_WON) VALUES (1,10,15, 10, false)

INSERT INTO completed_game_team(ID, NUMBER_OF_GUESSED_EXPRESSIONS, NUMBER_OF_WRONG_EXPRESSIONS, SCORE, HAS_WON) VALUES (2,20,5, 40, true)
INSERT INTO completed_game_team(ID, NUMBER_OF_GUESSED_EXPRESSIONS, NUMBER_OF_WRONG_EXPRESSIONS, SCORE, HAS_WON) VALUES (3,5,20, 0, false)

INSERT INTO completed_game_team(ID, NUMBER_OF_GUESSED_EXPRESSIONS, NUMBER_OF_WRONG_EXPRESSIONS, SCORE, HAS_WON) VALUES (4,15,10, 40, true)
INSERT INTO completed_game_team(ID, NUMBER_OF_GUESSED_EXPRESSIONS, NUMBER_OF_WRONG_EXPRESSIONS, SCORE, HAS_WON) VALUES (5,10,15, 0, false)


INSERT INTO completed_game_attended_teams(COMPLETED_GAME_ID, ATTENDED_TEAMS_ID) VALUES (0,0)
INSERT INTO completed_game_attended_teams(COMPLETED_GAME_ID, ATTENDED_TEAMS_ID) VALUES (0,1)

INSERT INTO completed_game_attended_teams(COMPLETED_GAME_ID, ATTENDED_TEAMS_ID) VALUES (1,2)
INSERT INTO completed_game_attended_teams(COMPLETED_GAME_ID, ATTENDED_TEAMS_ID) VALUES (1,3)

INSERT INTO completed_game_attended_teams(COMPLETED_GAME_ID, ATTENDED_TEAMS_ID) VALUES (2,4)
INSERT INTO completed_game_attended_teams(COMPLETED_GAME_ID, ATTENDED_TEAMS_ID) VALUES (2,5)


INSERT INTO completed_game_team_players(COMPLETED_GAME_TEAM_ID, PLAYERS_ID) VALUES (0,1)
INSERT INTO completed_game_team_players(COMPLETED_GAME_TEAM_ID, PLAYERS_ID) VALUES (0,2)

INSERT INTO completed_game_team_players(COMPLETED_GAME_TEAM_ID, PLAYERS_ID) VALUES (1,3)
INSERT INTO completed_game_team_players(COMPLETED_GAME_TEAM_ID, PLAYERS_ID) VALUES (1,4)

INSERT INTO completed_game_team_players(COMPLETED_GAME_TEAM_ID, PLAYERS_ID) VALUES (2,5)
INSERT INTO completed_game_team_players(COMPLETED_GAME_TEAM_ID, PLAYERS_ID) VALUES (2,6)

INSERT INTO completed_game_team_players(COMPLETED_GAME_TEAM_ID, PLAYERS_ID) VALUES (3,7)
INSERT INTO completed_game_team_players(COMPLETED_GAME_TEAM_ID, PLAYERS_ID) VALUES (3,0)

INSERT INTO completed_game_team_players(COMPLETED_GAME_TEAM_ID, PLAYERS_ID) VALUES (4,0)
INSERT INTO completed_game_team_players(COMPLETED_GAME_TEAM_ID, PLAYERS_ID) VALUES (4,1)

INSERT INTO completed_game_team_players(COMPLETED_GAME_TEAM_ID, PLAYERS_ID) VALUES (5,6)
INSERT INTO completed_game_team_players(COMPLETED_GAME_TEAM_ID, PLAYERS_ID) VALUES (5,7)


INSERT INTO raspberryid(ID) VALUES ('TESTRASPIID')
