-- noinspection SqlDialectInspectionForFile

-- noinspection SqlNoDataSourceInspectionForFile

INSERT INTO user(ID,USERNAME,PASSWORD,ROLE, UPDATE_DATE ) VALUES(0,'admin','$2y$12$CMRQdtQWUxUGOUVAyf.DGOYsBUHtlX55vXA2pUMLCSmiKEkObV4UG','ADMIN',CURRENT_TIMESTAMP  )
INSERT INTO user(ID,USERNAME,PASSWORD,ROLE, UPDATE_DATE ) VALUES(1,'thomas','$2y$12$CMRQdtQWUxUGOUVAyf.DGOYsBUHtlX55vXA2pUMLCSmiKEkObV4UG','GAMEMANAGER',CURRENT_TIMESTAMP  )
INSERT INTO user(ID,USERNAME,PASSWORD,ROLE, UPDATE_DATE ) VALUES(2,'marcel','$2y$12$CMRQdtQWUxUGOUVAyf.DGOYsBUHtlX55vXA2pUMLCSmiKEkObV4UG','GAMEMANAGER',CURRENT_TIMESTAMP  )
INSERT INTO user(ID,USERNAME,PASSWORD,ROLE, UPDATE_DATE ) VALUES(3,'matthias','$2y$12$CMRQdtQWUxUGOUVAyf.DGOYsBUHtlX55vXA2pUMLCSmiKEkObV4UG','PLAYER',CURRENT_TIMESTAMP  )
INSERT INTO user(ID,USERNAME,PASSWORD,ROLE, UPDATE_DATE ) VALUES(4,'aaron','$2y$12$CMRQdtQWUxUGOUVAyf.DGOYsBUHtlX55vXA2pUMLCSmiKEkObV4UG','PLAYER',CURRENT_TIMESTAMP  )
INSERT INTO user(ID,USERNAME,PASSWORD,ROLE, UPDATE_DATE ) VALUES(5,'diana','$2y$12$CMRQdtQWUxUGOUVAyf.DGOYsBUHtlX55vXA2pUMLCSmiKEkObV4UG','PLAYER',CURRENT_TIMESTAMP  )
INSERT INTO user(ID,USERNAME,PASSWORD,ROLE, UPDATE_DATE ) VALUES(6,'klotz','$2y$12$CMRQdtQWUxUGOUVAyf.DGOYsBUHtlX55vXA2pUMLCSmiKEkObV4UG','PLAYER',CURRENT_TIMESTAMP  )
INSERT INTO user(ID,USERNAME,PASSWORD,ROLE, UPDATE_DATE ) VALUES(7,'huber','$2y$12$CMRQdtQWUxUGOUVAyf.DGOYsBUHtlX55vXA2pUMLCSmiKEkObV4UG','PLAYER',CURRENT_TIMESTAMP  )


INSERT INTO category (ID, NAME) VALUES(0, 'Deutschland')
INSERT INTO category (ID, NAME) VALUES(1, 'Haskell')
INSERT INTO category (ID, NAME) VALUES(2, 'Lorem')
INSERT INTO category (ID, NAME) VALUES(3, 'Summer')
INSERT INTO category (ID, NAME) VALUES(4, 'Animals')
INSERT INTO category (ID, NAME) VALUES(5, 'Math')
INSERT INTO category (ID, NAME) VALUES(6, 'Actions')
INSERT INTO category (ID, NAME) VALUES(7, 'Winter')


INSERT INTO completed_game(ID, END_TIME, START_TIME, CATEGORY_ID) VALUES (0, '2020-12-14 18:52:14.1', '2020-12-14 18:36:14.1', 0)
INSERT INTO completed_game(ID, END_TIME, START_TIME, CATEGORY_ID) VALUES (1, '2020-12-15 15:56:14.1', '2020-12-15 15:32:14.1', 1)
INSERT INTO completed_game(ID, END_TIME, START_TIME, CATEGORY_ID) VALUES (2, '2020-12-18 16:46:14.1', '2020-12-15 16:42:14.1', 1)


INSERT INTO completed_game_team(ID, NUMBER_OF_GUESSED_EXPRESSIONS, NUMBER_OF_WRONG_EXPRESSIONS, SCORE, HAS_WON) VALUES (0,20,5, 40, true)
INSERT INTO completed_game_team(ID, NUMBER_OF_GUESSED_EXPRESSIONS, NUMBER_OF_WRONG_EXPRESSIONS, SCORE, HAS_WON) VALUES (1,10,15, 10, false)

INSERT INTO completed_game_team(ID, NUMBER_OF_GUESSED_EXPRESSIONS, NUMBER_OF_WRONG_EXPRESSIONS, SCORE, HAS_WON) VALUES (2,20,5, 40, true)
INSERT INTO completed_game_team(ID, NUMBER_OF_GUESSED_EXPRESSIONS, NUMBER_OF_WRONG_EXPRESSIONS, SCORE, HAS_WON) VALUES (3,5,20, 0, false)

INSERT INTO completed_game_team(ID, NUMBER_OF_GUESSED_EXPRESSIONS, NUMBER_OF_WRONG_EXPRESSIONS, SCORE, HAS_WON) VALUES (4,15,10, 40, true)
INSERT INTO completed_game_team(ID, NUMBER_OF_GUESSED_EXPRESSIONS, NUMBER_OF_WRONG_EXPRESSIONS, SCORE, HAS_WON) VALUES (5,10,15, 0, false)


INSERT INTO completed_game_attended_teams(COMPLETED_GAME_ID, ATTENDED_TEAMS_ID) VALUES (0,0)
INSERT INTO completed_game_attended_teams(COMPLETED_GAME_ID, ATTENDED_TEAMS_ID) VALUES (0,1)

INSERT INTO completed_game_attended_teams(COMPLETED_GAME_ID, ATTENDED_TEAMS_ID) VALUES (1,2)
INSERT INTO completed_game_attended_teams(COMPLETED_GAME_ID, ATTENDED_TEAMS_ID) VALUES (1,3)

INSERT INTO completed_game_attended_teams(COMPLETED_GAME_ID, ATTENDED_TEAMS_ID) VALUES (2,4)
INSERT INTO completed_game_attended_teams(COMPLETED_GAME_ID, ATTENDED_TEAMS_ID) VALUES (2,5)


INSERT INTO completed_game_team_players(COMPLETED_GAME_TEAM_ID, PLAYERS_ID) VALUES (0,1)
INSERT INTO completed_game_team_players(COMPLETED_GAME_TEAM_ID, PLAYERS_ID) VALUES (0,2)

INSERT INTO completed_game_team_players(COMPLETED_GAME_TEAM_ID, PLAYERS_ID) VALUES (1,3)
INSERT INTO completed_game_team_players(COMPLETED_GAME_TEAM_ID, PLAYERS_ID) VALUES (1,4)

INSERT INTO completed_game_team_players(COMPLETED_GAME_TEAM_ID, PLAYERS_ID) VALUES (2,5)
INSERT INTO completed_game_team_players(COMPLETED_GAME_TEAM_ID, PLAYERS_ID) VALUES (2,6)

INSERT INTO completed_game_team_players(COMPLETED_GAME_TEAM_ID, PLAYERS_ID) VALUES (3,7)
INSERT INTO completed_game_team_players(COMPLETED_GAME_TEAM_ID, PLAYERS_ID) VALUES (3,0)

INSERT INTO completed_game_team_players(COMPLETED_GAME_TEAM_ID, PLAYERS_ID) VALUES (4,0)
INSERT INTO completed_game_team_players(COMPLETED_GAME_TEAM_ID, PLAYERS_ID) VALUES (4,1)

INSERT INTO completed_game_team_players(COMPLETED_GAME_TEAM_ID, PLAYERS_ID) VALUES (5,6)
INSERT INTO completed_game_team_players(COMPLETED_GAME_TEAM_ID, PLAYERS_ID) VALUES (5,7)


INSERT INTO raspberryid(ID) VALUES ('TESTRASPIID')


INSERT INTO expression (ID, NAME, CATEGORY_ID) VALUES(0, 'Bundestag', 0)
INSERT INTO expression (ID, NAME, CATEGORY_ID) VALUES(1, 'Berlin', 0)
INSERT INTO expression (ID, NAME, CATEGORY_ID) VALUES(2, 'Mercedes-Benz', 0)
INSERT INTO expression (ID, NAME, CATEGORY_ID) VALUES(3, 'Oktoberfest', 0)
INSERT INTO expression (ID, NAME, CATEGORY_ID) VALUES(4, 'Mallorca', 0)
INSERT INTO expression (ID, NAME, CATEGORY_ID) VALUES(5, 'foldl', 1)
INSERT INTO expression (ID, NAME, CATEGORY_ID) VALUES(6, 'zipWith', 1)
INSERT INTO expression (ID, NAME, CATEGORY_ID) VALUES(7, 'map', 1)
INSERT INTO expression (ID, NAME, CATEGORY_ID) VALUES(8, 'foo', 1)
INSERT INTO expression (ID, NAME, CATEGORY_ID) VALUES(9, 'bar', 1)
INSERT INTO expression (ID, NAME, CATEGORY_ID) VALUES(10, 'ipsum', 2)
INSERT INTO expression (ID, NAME, CATEGORY_ID) VALUES(11, 'dolor', 2)
INSERT INTO expression (ID, NAME, CATEGORY_ID) VALUES(12, 'sit', 2)
INSERT INTO expression (ID, NAME, CATEGORY_ID) VALUES(13, 'amet', 2)
INSERT INTO expression (ID, NAME, CATEGORY_ID) VALUES(14, 'consetetur', 2)
INSERT INTO expression (ID, NAME, CATEGORY_ID) VALUES(15, 'vero', 2)
INSERT INTO expression (ID, NAME, CATEGORY_ID) VALUES(16, 'eos', 2)
INSERT INTO expression (ID, NAME, CATEGORY_ID) VALUES(17, 'accusam', 2)
INSERT INTO expression (ID, NAME, CATEGORY_ID) VALUES(18, 'justo', 2)
INSERT INTO expression (ID, NAME, CATEGORY_ID) VALUES(19, 'duo', 2)
INSERT INTO expression (ID, NAME, CATEGORY_ID) VALUES(20, 'dolores', 2)
INSERT INTO expression (ID, NAME, CATEGORY_ID) VALUES(21, 'Soeder', 0)
INSERT INTO expression (ID, NAME, CATEGORY_ID) VALUES(22, 'Bayern', 0)
INSERT INTO expression (ID, NAME, CATEGORY_ID) VALUES(23, 'Leberkaese', 0)
INSERT INTO expression (ID, NAME, CATEGORY_ID) VALUES(24, 'Muenchen', 0)
INSERT INTO expression (ID, NAME, CATEGORY_ID) VALUES(25, 'Stuttgart', 0)
INSERT INTO expression (ID, NAME, CATEGORY_ID) VALUES(26, 'Nordsee', 0)
INSERT INTO expression (ID, NAME, CATEGORY_ID) VALUES(27, 'Wiedervereinigung', 0)
INSERT INTO expression (ID, NAME, CATEGORY_ID) VALUES(28, 'Bier', 0)
INSERT INTO expression (ID, NAME, CATEGORY_ID) VALUES(29, 'Lederhose', 0)
INSERT INTO expression (ID, NAME, CATEGORY_ID) VALUES(30, 'Schaeferhund', 0)
INSERT INTO expression (ID, NAME, CATEGORY_ID) VALUES(31, 'Brandenburger Tor', 0)
INSERT INTO expression (ID, NAME, CATEGORY_ID) VALUES(32, 'Porsche', 0)
INSERT INTO expression (ID, NAME, CATEGORY_ID) VALUES(33, 'Volkswagen', 0)
INSERT INTO expression (ID, NAME, CATEGORY_ID) VALUES(34, 'Lufthansa', 0)
INSERT INTO expression (ID, NAME, CATEGORY_ID) VALUES(35, 'Steinmeier', 0)
INSERT INTO expression (ID, NAME, CATEGORY_ID) VALUES(36, 'Zip', 1)
INSERT INTO expression (ID, NAME, CATEGORY_ID) VALUES(37, 'Foldr', 1)
INSERT INTO expression (ID, NAME, CATEGORY_ID) VALUES(38, 'Lambda Expression', 1)
INSERT INTO expression (ID, NAME, CATEGORY_ID) VALUES(39, 'Higher Order Functions', 1)
INSERT INTO expression (ID, NAME, CATEGORY_ID) VALUES(40, 'Monads', 1)
INSERT INTO expression (ID, NAME, CATEGORY_ID) VALUES(41, 'Recursion', 1)
INSERT INTO expression (ID, NAME, CATEGORY_ID) VALUES(42, 'Guards', 1)
INSERT INTO expression (ID, NAME, CATEGORY_ID) VALUES(43, 'Pattern Matching', 1)
INSERT INTO expression (ID, NAME, CATEGORY_ID) VALUES(44, 'Function Composition', 1)
INSERT INTO expression (ID, NAME, CATEGORY_ID) VALUES(45, 'If Then Else', 1)
INSERT INTO expression (ID, NAME, CATEGORY_ID) VALUES(46, 'Type Classes', 1)
INSERT INTO expression (ID, NAME, CATEGORY_ID) VALUES(47, 'Head Function', 1)
INSERT INTO expression (ID, NAME, CATEGORY_ID) VALUES(48, 'Tail Function', 1)
INSERT INTO expression (ID, NAME, CATEGORY_ID) VALUES(49, 'Functional', 1)
INSERT INTO expression (ID, NAME, CATEGORY_ID) VALUES(50, 'Succ', 1)
INSERT INTO expression (ID, NAME, CATEGORY_ID) VALUES(51, 'sadipscing', 2)
INSERT INTO expression (ID, NAME, CATEGORY_ID) VALUES(52, 'elitr', 2)
INSERT INTO expression (ID, NAME, CATEGORY_ID) VALUES(53, 'sed', 2)
INSERT INTO expression (ID, NAME, CATEGORY_ID) VALUES(54, 'diam', 2)
INSERT INTO expression (ID, NAME, CATEGORY_ID) VALUES(55, 'nonumy', 2)
INSERT INTO expression (ID, NAME, CATEGORY_ID) VALUES(56, 'eirmod', 2)
INSERT INTO expression (ID, NAME, CATEGORY_ID) VALUES(57, 'tempor', 2)
INSERT INTO expression (ID, NAME, CATEGORY_ID) VALUES(58, 'invidunt', 2)
INSERT INTO expression (ID, NAME, CATEGORY_ID) VALUES(59, 'ut', 2)
INSERT INTO expression (ID, NAME, CATEGORY_ID) VALUES(60, 'labore', 2)
INSERT INTO expression (ID, NAME, CATEGORY_ID) VALUES(61, 'et', 2)
INSERT INTO expression (ID, NAME, CATEGORY_ID) VALUES(62, 'dolore', 2)
INSERT INTO expression (ID, NAME, CATEGORY_ID) VALUES(63, 'magna', 2)
INSERT INTO expression (ID, NAME, CATEGORY_ID) VALUES(64, 'aliquyam', 2)
INSERT INTO expression (ID, NAME, CATEGORY_ID) VALUES(65, 'erat', 2)
INSERT INTO expression (ID, NAME, CATEGORY_ID) VALUES(66, 'Merkel', 0)
INSERT INTO expression (ID, NAME, CATEGORY_ID) VALUES(67, 'Krapfen', 0)
INSERT INTO expression (ID, NAME, CATEGORY_ID) VALUES(68, 'Fussball', 0)
INSERT INTO expression (ID, NAME, CATEGORY_ID) VALUES(69, 'Weisswurst', 0)
INSERT INTO expression (ID, NAME, CATEGORY_ID) VALUES(70, 'Zugspitze', 0)
INSERT INTO expression (ID, NAME, CATEGORY_ID) VALUES(71, 'Schloss Neuschwanstein', 0)
INSERT INTO expression (ID, NAME, CATEGORY_ID) VALUES(72, 'Alexanderturm', 0)
INSERT INTO expression (ID, NAME, CATEGORY_ID) VALUES(73, 'Mauerfall', 0)
INSERT INTO expression (ID, NAME, CATEGORY_ID) VALUES(74, 'Sandalen mit Socken', 0)
INSERT INTO expression (ID, NAME, CATEGORY_ID) VALUES(75, 'Pfand', 0)
INSERT INTO expression (ID, NAME, CATEGORY_ID) VALUES(76, 'Lenses', 1)
INSERT INTO expression (ID, NAME, CATEGORY_ID) VALUES(77, 'Functors', 1)
INSERT INTO expression (ID, NAME, CATEGORY_ID) VALUES(78, 'Peyton-Jones', 1)
INSERT INTO expression (ID, NAME, CATEGORY_ID) VALUES(79, 'Lazy Evaluation', 1)
INSERT INTO expression (ID, NAME, CATEGORY_ID) VALUES(80, 'List Comprehensions', 1)
INSERT INTO expression (ID, NAME, CATEGORY_ID) VALUES(81, 'Just Maybe Tuple', 1)
INSERT INTO expression (ID, NAME, CATEGORY_ID) VALUES(82, 'Filter', 1)
INSERT INTO expression (ID, NAME, CATEGORY_ID) VALUES(83, 'Depression', 1)
INSERT INTO expression (ID, NAME, CATEGORY_ID) VALUES(84, 'Despair', 1)
INSERT INTO expression (ID, NAME, CATEGORY_ID) VALUES(85, 'No Side Effects', 1)
INSERT INTO expression (ID, NAME, CATEGORY_ID) VALUES(86, 'Curry', 1)
INSERT INTO expression (ID, NAME, CATEGORY_ID) VALUES(87, 'Uncurry', 1)
INSERT INTO expression (ID, NAME, CATEGORY_ID) VALUES(88, 'sed', 2)
INSERT INTO expression (ID, NAME, CATEGORY_ID) VALUES(89, 'diam', 2)
INSERT INTO expression (ID, NAME, CATEGORY_ID) VALUES(90, 'voluptua', 2)
INSERT INTO expression (ID, NAME, CATEGORY_ID) VALUES(91, 'at', 2)
INSERT INTO expression (ID, NAME, CATEGORY_ID) VALUES(106, 'popsicle', 3)
INSERT INTO expression (ID, NAME, CATEGORY_ID) VALUES(107, 'swimming suit', 3)
INSERT INTO expression (ID, NAME, CATEGORY_ID) VALUES(108, 'fireflies', 3)
INSERT INTO expression (ID, NAME, CATEGORY_ID) VALUES(109, 'potato salad', 3)
INSERT INTO expression (ID, NAME, CATEGORY_ID) VALUES(110, 'relax', 3)
INSERT INTO expression (ID, NAME, CATEGORY_ID) VALUES(111, 'picnic', 3)
INSERT INTO expression (ID, NAME, CATEGORY_ID) VALUES(112, 'flip flops', 3)
INSERT INTO expression (ID, NAME, CATEGORY_ID) VALUES(113, 'hiking', 3)
INSERT INTO expression (ID, NAME, CATEGORY_ID) VALUES(114, 'tent', 3)
INSERT INTO expression (ID, NAME, CATEGORY_ID) VALUES(115, 'swimming pool', 3)
INSERT INTO expression (ID, NAME, CATEGORY_ID) VALUES(116, 'June bugs', 3)
INSERT INTO expression (ID, NAME, CATEGORY_ID) VALUES(117, 'summer camp', 3)
INSERT INTO expression (ID, NAME, CATEGORY_ID) VALUES(118, 'summer job', 3)
INSERT INTO expression (ID, NAME, CATEGORY_ID) VALUES(119, 'late nights', 3)
INSERT INTO expression (ID, NAME, CATEGORY_ID) VALUES(120, 'strawberry', 3)
INSERT INTO expression (ID, NAME, CATEGORY_ID) VALUES(121, 'fishing', 3)
INSERT INTO expression (ID, NAME, CATEGORY_ID) VALUES(122, 'surfing', 3)
INSERT INTO expression (ID, NAME, CATEGORY_ID) VALUES(123, 'pool party', 3)
INSERT INTO expression (ID, NAME, CATEGORY_ID) VALUES(124, 'barbeque', 3)
INSERT INTO expression (ID, NAME, CATEGORY_ID) VALUES(125, 'lawn mower', 3)
INSERT INTO expression (ID, NAME, CATEGORY_ID) VALUES(126, 'barefoot', 3)
INSERT INTO expression (ID, NAME, CATEGORY_ID) VALUES(127, 'campfire', 3)
INSERT INTO expression (ID, NAME, CATEGORY_ID) VALUES(128, 'sprinkler', 3)
INSERT INTO expression (ID, NAME, CATEGORY_ID) VALUES(129, 'cotton candy', 3)
INSERT INTO expression (ID, NAME, CATEGORY_ID) VALUES(130, 'sand castle', 3)
INSERT INTO expression (ID, NAME, CATEGORY_ID) VALUES(131, 'camping', 3)
INSERT INTO expression (ID, NAME, CATEGORY_ID) VALUES(132, 'July', 3)
INSERT INTO expression (ID, NAME, CATEGORY_ID) VALUES(133, 'June', 3)
INSERT INTO expression (ID, NAME, CATEGORY_ID) VALUES(134, 'August', 3)
INSERT INTO expression (ID, NAME, CATEGORY_ID) VALUES(135, 'September', 3)
INSERT INTO expression (ID, NAME, CATEGORY_ID) VALUES(136, 'watermelon', 3)
INSERT INTO expression (ID, NAME, CATEGORY_ID) VALUES(137, 'sunscreen', 3)
INSERT INTO expression (ID, NAME, CATEGORY_ID) VALUES(138, 'parties', 3)
INSERT INTO expression (ID, NAME, CATEGORY_ID) VALUES(139, 'water balloon', 3)
INSERT INTO expression (ID, NAME, CATEGORY_ID) VALUES(140, 'Summer Olympics', 3)
INSERT INTO expression (ID, NAME, CATEGORY_ID) VALUES(141, 'solstice', 3)
INSERT INTO expression (ID, NAME, CATEGORY_ID) VALUES(142, 'river rafting', 3)
INSERT INTO expression (ID, NAME, CATEGORY_ID) VALUES(143, 'beach', 3)
INSERT INTO expression (ID, NAME, CATEGORY_ID) VALUES(144, 'porcupine', 4)
INSERT INTO expression (ID, NAME, CATEGORY_ID) VALUES(145, 'cat', 4)
INSERT INTO expression (ID, NAME, CATEGORY_ID) VALUES(146, 'dog', 4)
INSERT INTO expression (ID, NAME, CATEGORY_ID) VALUES(147, 'mouse', 4)
INSERT INTO expression (ID, NAME, CATEGORY_ID) VALUES(148, 'bird', 4)
INSERT INTO expression (ID, NAME, CATEGORY_ID) VALUES(149, 'lion', 4)
INSERT INTO expression (ID, NAME, CATEGORY_ID) VALUES(150, 'giraffe', 4)
INSERT INTO expression (ID, NAME, CATEGORY_ID) VALUES(151, 'tiger', 4)
INSERT INTO expression (ID, NAME, CATEGORY_ID) VALUES(152, 'fish', 4)
INSERT INTO expression (ID, NAME, CATEGORY_ID) VALUES(153, 'donkey', 4)
INSERT INTO expression (ID, NAME, CATEGORY_ID) VALUES(154, 'sheep', 4)
INSERT INTO expression (ID, NAME, CATEGORY_ID) VALUES(155, 'cow', 4)
INSERT INTO expression (ID, NAME, CATEGORY_ID) VALUES(156, 'reindeer', 4)
INSERT INTO expression (ID, NAME, CATEGORY_ID) VALUES(157, 'snail', 4)
INSERT INTO expression (ID, NAME, CATEGORY_ID) VALUES(158, 'crocodile', 4)
INSERT INTO expression (ID, NAME, CATEGORY_ID) VALUES(159, 'groundhog', 4)
INSERT INTO expression (ID, NAME, CATEGORY_ID) VALUES(160, 'otter', 4)
INSERT INTO expression (ID, NAME, CATEGORY_ID) VALUES(161, 'piranha', 4)
INSERT INTO expression (ID, NAME, CATEGORY_ID) VALUES(162, 'dinosaur', 4)
INSERT INTO expression (ID, NAME, CATEGORY_ID) VALUES(163, 'llama', 4)
INSERT INTO expression (ID, NAME, CATEGORY_ID) VALUES(164, 'warthog', 4)
INSERT INTO expression (ID, NAME, CATEGORY_ID) VALUES(165, 'squid', 4)
INSERT INTO expression (ID, NAME, CATEGORY_ID) VALUES(166, 'hyena', 4)
INSERT INTO expression (ID, NAME, CATEGORY_ID) VALUES(167, 'eel', 4)
INSERT INTO expression (ID, NAME, CATEGORY_ID) VALUES(168, 'platypus', 4)
INSERT INTO expression (ID, NAME, CATEGORY_ID) VALUES(169, 'flamingo', 4)
INSERT INTO expression (ID, NAME, CATEGORY_ID) VALUES(170, 'snake', 4)
INSERT INTO expression (ID, NAME, CATEGORY_ID) VALUES(171, 'dolphin', 4)
INSERT INTO expression (ID, NAME, CATEGORY_ID) VALUES(172, 'hamster', 4)
INSERT INTO expression (ID, NAME, CATEGORY_ID) VALUES(173, 'chameleon', 4)
INSERT INTO expression (ID, NAME, CATEGORY_ID) VALUES(174, 'bear', 4)
INSERT INTO expression (ID, NAME, CATEGORY_ID) VALUES(175, 'wolf', 4)
INSERT INTO expression (ID, NAME, CATEGORY_ID) VALUES(176, 'fox', 4)
INSERT INTO expression (ID, NAME, CATEGORY_ID) VALUES(177, 'horse', 4)
INSERT INTO expression (ID, NAME, CATEGORY_ID) VALUES(178, 'goat', 4)
INSERT INTO expression (ID, NAME, CATEGORY_ID) VALUES(179, 'quotient', 5)
INSERT INTO expression (ID, NAME, CATEGORY_ID) VALUES(180, 'sum', 5)
INSERT INTO expression (ID, NAME, CATEGORY_ID) VALUES(181, 'imaginary', 5)
INSERT INTO expression (ID, NAME, CATEGORY_ID) VALUES(182, 'hexagon', 5)
INSERT INTO expression (ID, NAME, CATEGORY_ID) VALUES(183, 'asymmetry', 5)
INSERT INTO expression (ID, NAME, CATEGORY_ID) VALUES(184, 'liter', 5)
INSERT INTO expression (ID, NAME, CATEGORY_ID) VALUES(185, 'negative', 5)
INSERT INTO expression (ID, NAME, CATEGORY_ID) VALUES(186, 'semicircle', 5)
INSERT INTO expression (ID, NAME, CATEGORY_ID) VALUES(187, 'percent', 5)
INSERT INTO expression (ID, NAME, CATEGORY_ID) VALUES(188, 'octagon', 5)
INSERT INTO expression (ID, NAME, CATEGORY_ID) VALUES(189, 'diagram', 5)
INSERT INTO expression (ID, NAME, CATEGORY_ID) VALUES(190, 'integer', 5)
INSERT INTO expression (ID, NAME, CATEGORY_ID) VALUES(191, 'symbol', 5)
INSERT INTO expression (ID, NAME, CATEGORY_ID) VALUES(192, 'factor', 5)
INSERT INTO expression (ID, NAME, CATEGORY_ID) VALUES(193, 'count', 5)
INSERT INTO expression (ID, NAME, CATEGORY_ID) VALUES(194, 'modulo', 5)
INSERT INTO expression (ID, NAME, CATEGORY_ID) VALUES(195, 'tangent', 5)
INSERT INTO expression (ID, NAME, CATEGORY_ID) VALUES(196, 'sequence', 5)
INSERT INTO expression (ID, NAME, CATEGORY_ID) VALUES(197, 'triangle', 5)
INSERT INTO expression (ID, NAME, CATEGORY_ID) VALUES(198, 'polynomial', 5)
INSERT INTO expression (ID, NAME, CATEGORY_ID) VALUES(199, 'six', 5)
INSERT INTO expression (ID, NAME, CATEGORY_ID) VALUES(200, 'measure', 5)
INSERT INTO expression (ID, NAME, CATEGORY_ID) VALUES(201, 'Venn diagram', 5)
INSERT INTO expression (ID, NAME, CATEGORY_ID) VALUES(202, 'interval', 5)
INSERT INTO expression (ID, NAME, CATEGORY_ID) VALUES(203, 'exponent', 5)
INSERT INTO expression (ID, NAME, CATEGORY_ID) VALUES(204, 'real', 5)
INSERT INTO expression (ID, NAME, CATEGORY_ID) VALUES(205, 'coordinates', 5)
INSERT INTO expression (ID, NAME, CATEGORY_ID) VALUES(206, 'angle', 5)
INSERT INTO expression (ID, NAME, CATEGORY_ID) VALUES(207, 'centimeter', 5)
INSERT INTO expression (ID, NAME, CATEGORY_ID) VALUES(208, 'curve', 5)
INSERT INTO expression (ID, NAME, CATEGORY_ID) VALUES(209, 'origin', 5)
INSERT INTO expression (ID, NAME, CATEGORY_ID) VALUES(210, 'inequality', 5)
INSERT INTO expression (ID, NAME, CATEGORY_ID) VALUES(211, 'axis', 5)
INSERT INTO expression (ID, NAME, CATEGORY_ID) VALUES(212, 'equation', 5)
INSERT INTO expression (ID, NAME, CATEGORY_ID) VALUES(213, 'circumference', 5)
INSERT INTO expression (ID, NAME, CATEGORY_ID) VALUES(214, 'picking up a snake', 6)
INSERT INTO expression (ID, NAME, CATEGORY_ID) VALUES(215, 'building a campfire', 6)
INSERT INTO expression (ID, NAME, CATEGORY_ID) VALUES(216, 'performing at a rock concert', 6)
INSERT INTO expression (ID, NAME, CATEGORY_ID) VALUES(217, 'finger painting', 6)
INSERT INTO expression (ID, NAME, CATEGORY_ID) VALUES(218, 'ordering food', 6)
INSERT INTO expression (ID, NAME, CATEGORY_ID) VALUES(219, 'working out', 6)
INSERT INTO expression (ID, NAME, CATEGORY_ID) VALUES(220, 'delivering mail', 6)
INSERT INTO expression (ID, NAME, CATEGORY_ID) VALUES(221, 'riding a bike', 6)
INSERT INTO expression (ID, NAME, CATEGORY_ID) VALUES(222, 'digging a hole', 6)
INSERT INTO expression (ID, NAME, CATEGORY_ID) VALUES(223, 'sewing on a button', 6)
INSERT INTO expression (ID, NAME, CATEGORY_ID) VALUES(224, 'putting on makeup', 6)
INSERT INTO expression (ID, NAME, CATEGORY_ID) VALUES(225, 'milking a cow', 6)
INSERT INTO expression (ID, NAME, CATEGORY_ID) VALUES(226, 'making a pizza', 6)
INSERT INTO expression (ID, NAME, CATEGORY_ID) VALUES(227, 'setting up a tent', 6)
INSERT INTO expression (ID, NAME, CATEGORY_ID) VALUES(228, 'rearranging furniture', 6)
INSERT INTO expression (ID, NAME, CATEGORY_ID) VALUES(229, 'taking a test', 6)
INSERT INTO expression (ID, NAME, CATEGORY_ID) VALUES(230, 'brushing your teeth', 6)
INSERT INTO expression (ID, NAME, CATEGORY_ID) VALUES(231, 'painting a picture', 6)
INSERT INTO expression (ID, NAME, CATEGORY_ID) VALUES(232, 'baking a cake', 6)
INSERT INTO expression (ID, NAME, CATEGORY_ID) VALUES(233, 'passing a note in class', 6)
INSERT INTO expression (ID, NAME, CATEGORY_ID) VALUES(234, 'going bowling', 6)
INSERT INTO expression (ID, NAME, CATEGORY_ID) VALUES(235, 'watching a scary movie', 6)
INSERT INTO expression (ID, NAME, CATEGORY_ID) VALUES(236, 'eating popcorn', 6)
INSERT INTO expression (ID, NAME, CATEGORY_ID) VALUES(237, 'feeding a pet', 6)
INSERT INTO expression (ID, NAME, CATEGORY_ID) VALUES(238, 'cleaning the windows', 6)
INSERT INTO expression (ID, NAME, CATEGORY_ID) VALUES(239, 'walking with crutches', 6)
INSERT INTO expression (ID, NAME, CATEGORY_ID) VALUES(240, 'riding a motorcycle', 6)
INSERT INTO expression (ID, NAME, CATEGORY_ID) VALUES(241, 'trick-or-treating', 6)
INSERT INTO expression (ID, NAME, CATEGORY_ID) VALUES(242, 'playing the piano', 6)
INSERT INTO expression (ID, NAME, CATEGORY_ID) VALUES(243, 'asking for an autograph', 6)
INSERT INTO expression (ID, NAME, CATEGORY_ID) VALUES(244, 'threading a needle', 6)
INSERT INTO expression (ID, NAME, CATEGORY_ID) VALUES(245, 'playing baseball', 6)
INSERT INTO expression (ID, NAME, CATEGORY_ID) VALUES(246, 'washing an elephant', 6)
INSERT INTO expression (ID, NAME, CATEGORY_ID) VALUES(247, 'visiting the dentist', 6)
INSERT INTO expression (ID, NAME, CATEGORY_ID) VALUES(248, 'eating spaghetti', 6)
INSERT INTO expression (ID, NAME, CATEGORY_ID) VALUES(249, 'hanging a picture', 6)
INSERT INTO expression (ID, NAME, CATEGORY_ID) VALUES(250, 'playing soccer', 6)
INSERT INTO expression (ID, NAME, CATEGORY_ID) VALUES(251, 'sleigh ride', 7)
INSERT INTO expression (ID, NAME, CATEGORY_ID) VALUES(252, 'Rudolph the Red-Nosed Reindeer', 7)
INSERT INTO expression (ID, NAME, CATEGORY_ID) VALUES(253, 'reindeer', 7)
INSERT INTO expression (ID, NAME, CATEGORY_ID) VALUES(254, 'snowman', 7)
INSERT INTO expression (ID, NAME, CATEGORY_ID) VALUES(255, 'gifts', 7)
INSERT INTO expression (ID, NAME, CATEGORY_ID) VALUES(256, 'stocking', 7)
INSERT INTO expression (ID, NAME, CATEGORY_ID) VALUES(257, 'hot chocolate', 7)
INSERT INTO expression (ID, NAME, CATEGORY_ID) VALUES(258, 'candy cane', 7)
INSERT INTO expression (ID, NAME, CATEGORY_ID) VALUES(259, 'cookies', 7)
INSERT INTO expression (ID, NAME, CATEGORY_ID) VALUES(260, 'the Little Drummer Boy', 7)
INSERT INTO expression (ID, NAME, CATEGORY_ID) VALUES(261, 'Santa Claus', 7)
INSERT INTO expression (ID, NAME, CATEGORY_ID) VALUES(262, 'Jack Frost', 7)
INSERT INTO expression (ID, NAME, CATEGORY_ID) VALUES(263, 'snowball fight', 7)
INSERT INTO expression (ID, NAME, CATEGORY_ID) VALUES(264, 'Christmas tree', 7)
INSERT INTO expression (ID, NAME, CATEGORY_ID) VALUES(265, 'snowflake', 7)
INSERT INTO expression (ID, NAME, CATEGORY_ID) VALUES(266, 'chestnuts', 7)
INSERT INTO expression (ID, NAME, CATEGORY_ID) VALUES(267, 'gingerbread house', 7)
INSERT INTO expression (ID, NAME, CATEGORY_ID) VALUES(268, 'the Nutcracker', 7)
INSERT INTO expression (ID, NAME, CATEGORY_ID) VALUES(269, 'mittens', 7)
INSERT INTO expression (ID, NAME, CATEGORY_ID) VALUES(270, 'manger', 7)
INSERT INTO expression (ID, NAME, CATEGORY_ID) VALUES(271, 'scarf', 7)
INSERT INTO expression (ID, NAME, CATEGORY_ID) VALUES(272, 'icicle', 7)
INSERT INTO expression (ID, NAME, CATEGORY_ID) VALUES(273, 'chimney', 7)
INSERT INTO expression (ID, NAME, CATEGORY_ID) VALUES(274, 'ho ho ho', 7)
INSERT INTO expression (ID, NAME, CATEGORY_ID) VALUES(275, 'the North Pole', 7)
INSERT INTO expression (ID, NAME, CATEGORY_ID) VALUES(276, 'wrapping paper', 7)
INSERT INTO expression (ID, NAME, CATEGORY_ID) VALUES(277, 'lights', 7)
INSERT INTO expression (ID, NAME, CATEGORY_ID) VALUES(278, 'cinnamon', 7)
INSERT INTO expression (ID, NAME, CATEGORY_ID) VALUES(279, 'jingle bells', 7)
INSERT INTO expression (ID, NAME, CATEGORY_ID) VALUES(280, 'ice', 7)
INSERT INTO expression (ID, NAME, CATEGORY_ID) VALUES(281, 'heater', 7)
INSERT INTO expression (ID, NAME, CATEGORY_ID) VALUES(282, 'snow shoveling', 7)
INSERT INTO expression (ID, NAME, CATEGORY_ID) VALUES(283, 'winter wonderland', 7)
INSERT INTO expression (ID, NAME, CATEGORY_ID) VALUES(284, 'snowboarding', 7)
INSERT INTO expression (ID, NAME, CATEGORY_ID) VALUES(285, 'cold', 7)
INSERT INTO expression (ID, NAME, CATEGORY_ID) VALUES(286, 'chicken noodle soup', 7)
INSERT INTO expression (ID, NAME, CATEGORY_ID) VALUES(287, 'the Grinch', 7)
INSERT INTO expression (ID, NAME, CATEGORY_ID) VALUES(288, 'hibernation', 7)
