-- noinspection SqlDialectInspectionForFile

-- noinspection SqlNoDataSourceInspectionForFile

INSERT INTO user(ID,USERNAME,PASSWORD,ROLE, UPDATE_DATE ) VALUES(0,'admin','$2y$12$CMRQdtQWUxUGOUVAyf.DGOYsBUHtlX55vXA2pUMLCSmiKEkObV4UG','ADMIN',CURRENT_TIMESTAMP  )
INSERT INTO user(ID,USERNAME,PASSWORD,ROLE, UPDATE_DATE ) VALUES(1,'thomas','$2y$12$CMRQdtQWUxUGOUVAyf.DGOYsBUHtlX55vXA2pUMLCSmiKEkObV4UG','GAMEMANAGER',CURRENT_TIMESTAMP  )
INSERT INTO user(ID,USERNAME,PASSWORD,ROLE, UPDATE_DATE ) VALUES(2,'marcel','$2y$12$CMRQdtQWUxUGOUVAyf.DGOYsBUHtlX55vXA2pUMLCSmiKEkObV4UG','GAMEMANAGER',CURRENT_TIMESTAMP  )
INSERT INTO user(ID,USERNAME,PASSWORD,ROLE, UPDATE_DATE ) VALUES(3,'matthias','$2y$12$CMRQdtQWUxUGOUVAyf.DGOYsBUHtlX55vXA2pUMLCSmiKEkObV4UG','PLAYER',CURRENT_TIMESTAMP  )
INSERT INTO user(ID,USERNAME,PASSWORD,ROLE, UPDATE_DATE ) VALUES(4,'aaron','$2y$12$CMRQdtQWUxUGOUVAyf.DGOYsBUHtlX55vXA2pUMLCSmiKEkObV4UG','PLAYER',CURRENT_TIMESTAMP  )
INSERT INTO user(ID,USERNAME,PASSWORD,ROLE, UPDATE_DATE ) VALUES(5,'diana','$2y$12$CMRQdtQWUxUGOUVAyf.DGOYsBUHtlX55vXA2pUMLCSmiKEkObV4UG','PLAYER',CURRENT_TIMESTAMP  )
INSERT INTO user(ID,USERNAME,PASSWORD,ROLE, UPDATE_DATE ) VALUES(6,'klotz','$2y$12$CMRQdtQWUxUGOUVAyf.DGOYsBUHtlX55vXA2pUMLCSmiKEkObV4UG','PLAYER',CURRENT_TIMESTAMP  )
INSERT INTO user(ID,USERNAME,PASSWORD,ROLE, UPDATE_DATE ) VALUES(7,'huber','$2y$12$CMRQdtQWUxUGOUVAyf.DGOYsBUHtlX55vXA2pUMLCSmiKEkObV4UG','PLAYER',CURRENT_TIMESTAMP  )


INSERT INTO category(ID, NAME) VALUES (0, 'Deutschland')
INSERT INTO category(ID, NAME) VALUES (1, 'Haskell')
INSERT INTO category(ID, NAME) VALUES (2, 'Lorem')


INSERT INTO expression(ID, NAME, CATEGORY_ID) VALUES(0, 'Bundestag', 0)
INSERT INTO expression(ID, NAME, CATEGORY_ID) VALUES(1, 'Berlin', 0)
INSERT INTO expression(ID, NAME, CATEGORY_ID) VALUES(2, 'Mercedes-Benz', 0)
INSERT INTO expression(ID, NAME, CATEGORY_ID) VALUES(3, 'Oktoberfest', 0)
INSERT INTO expression(ID, NAME, CATEGORY_ID) VALUES(4, 'Mallorca', 0)
INSERT INTO expression(ID, NAME, CATEGORY_ID) VALUES(5, 'foldl', 1)
INSERT INTO expression(ID, NAME, CATEGORY_ID) VALUES(6, 'zipWith', 1)
INSERT INTO expression(ID, NAME, CATEGORY_ID) VALUES(7, 'map', 1)
INSERT INTO expression(ID, NAME, CATEGORY_ID) VALUES(8, 'foo', 1)
INSERT INTO expression(ID, NAME, CATEGORY_ID) VALUES(9, 'bar', 1)
INSERT INTO expression(ID, NAME, CATEGORY_ID) VALUES(10, 'ipsum', 2)
INSERT INTO expression(ID, NAME, CATEGORY_ID) VALUES(11, 'dolor', 2)
INSERT INTO expression(ID, NAME, CATEGORY_ID) VALUES(12, 'sit', 2)
INSERT INTO expression(ID, NAME, CATEGORY_ID) VALUES(13, 'amet', 2)
INSERT INTO expression(ID, NAME, CATEGORY_ID) VALUES(14, 'consetetur', 2)
INSERT INTO expression(ID, NAME, CATEGORY_ID) VALUES(15, 'vero', 2)
INSERT INTO expression(ID, NAME, CATEGORY_ID) VALUES(16, 'eos', 2)
INSERT INTO expression(ID, NAME, CATEGORY_ID) VALUES(17, 'accusam', 2)
INSERT INTO expression(ID, NAME, CATEGORY_ID) VALUES(18, 'justo', 2)
INSERT INTO expression(ID, NAME, CATEGORY_ID) VALUES(19, 'duo', 2)
INSERT INTO expression(ID, NAME, CATEGORY_ID) VALUES(20, 'dolores', 2)
INSERT INTO expression(ID, NAME, CATEGORY_ID) VALUES(21, 'Soeder', 0)
INSERT INTO expression(ID, NAME, CATEGORY_ID) VALUES(22, 'Bayern', 0)
INSERT INTO expression(ID, NAME, CATEGORY_ID) VALUES(23, 'Leberkaese', 0)
INSERT INTO expression(ID, NAME, CATEGORY_ID) VALUES(24, 'Muenchen', 0)
INSERT INTO expression(ID, NAME, CATEGORY_ID) VALUES(25, 'Stuttgart', 0)
INSERT INTO expression(ID, NAME, CATEGORY_ID) VALUES(26, 'Nordsee', 0)
INSERT INTO expression(ID, NAME, CATEGORY_ID) VALUES(27, 'Wiedervereinigung', 0)
INSERT INTO expression(ID, NAME, CATEGORY_ID) VALUES(28, 'Bier', 0)
INSERT INTO expression(ID, NAME, CATEGORY_ID) VALUES(29, 'Lederhose', 0)
INSERT INTO expression(ID, NAME, CATEGORY_ID) VALUES(30, 'Schaeferhund', 0)
INSERT INTO expression(ID, NAME, CATEGORY_ID) VALUES(31, 'Brandenburger Tor', 0)
INSERT INTO expression(ID, NAME, CATEGORY_ID) VALUES(32, 'Porsche', 0)
INSERT INTO expression(ID, NAME, CATEGORY_ID) VALUES(33, 'Volkswagen', 0)
INSERT INTO expression(ID, NAME, CATEGORY_ID) VALUES(34, 'Lufthansa', 0)
INSERT INTO expression(ID, NAME, CATEGORY_ID) VALUES(35, 'Steinmeier', 0)
INSERT INTO expression(ID, NAME, CATEGORY_ID) VALUES(36, 'Zip', 1)
INSERT INTO expression(ID, NAME, CATEGORY_ID) VALUES(37, 'Foldr', 1)
INSERT INTO expression(ID, NAME, CATEGORY_ID) VALUES(38, 'Lambda Expression', 1)
INSERT INTO expression(ID, NAME, CATEGORY_ID) VALUES(39, 'Higher Order Functions', 1)
INSERT INTO expression(ID, NAME, CATEGORY_ID) VALUES(40, 'Monads', 1)
INSERT INTO expression(ID, NAME, CATEGORY_ID) VALUES(41, 'Recursion', 1)
INSERT INTO expression(ID, NAME, CATEGORY_ID) VALUES(42, 'Guards', 1)
INSERT INTO expression(ID, NAME, CATEGORY_ID) VALUES(43, 'Pattern Matching', 1)
INSERT INTO expression(ID, NAME, CATEGORY_ID) VALUES(44, 'Function Composition', 1)
INSERT INTO expression(ID, NAME, CATEGORY_ID) VALUES(45, 'If Then Else', 1)
INSERT INTO expression(ID, NAME, CATEGORY_ID) VALUES(46, 'Type Classes', 1)
INSERT INTO expression(ID, NAME, CATEGORY_ID) VALUES(47, 'Head Function', 1)
INSERT INTO expression(ID, NAME, CATEGORY_ID) VALUES(48, 'Tail Function', 1)
INSERT INTO expression(ID, NAME, CATEGORY_ID) VALUES(49, 'Functional', 1)
INSERT INTO expression(ID, NAME, CATEGORY_ID) VALUES(50, 'Succ', 1)
INSERT INTO expression(ID, NAME, CATEGORY_ID) VALUES(51, 'sadipscing', 2)
INSERT INTO expression(ID, NAME, CATEGORY_ID) VALUES(52, 'elitr', 2)
INSERT INTO expression(ID, NAME, CATEGORY_ID) VALUES(53, 'sed', 2)
INSERT INTO expression(ID, NAME, CATEGORY_ID) VALUES(54, 'diam', 2)
INSERT INTO expression(ID, NAME, CATEGORY_ID) VALUES(55, 'nonumy', 2)
INSERT INTO expression(ID, NAME, CATEGORY_ID) VALUES(56, 'eirmod', 2)
INSERT INTO expression(ID, NAME, CATEGORY_ID) VALUES(57, 'tempor', 2)
INSERT INTO expression(ID, NAME, CATEGORY_ID) VALUES(58, 'invidunt', 2)
INSERT INTO expression(ID, NAME, CATEGORY_ID) VALUES(59, 'ut', 2)
INSERT INTO expression(ID, NAME, CATEGORY_ID) VALUES(60, 'labore', 2)
INSERT INTO expression(ID, NAME, CATEGORY_ID) VALUES(61, 'et', 2)
INSERT INTO expression(ID, NAME, CATEGORY_ID) VALUES(62, 'dolore', 2)
INSERT INTO expression(ID, NAME, CATEGORY_ID) VALUES(63, 'magna', 2)
INSERT INTO expression(ID, NAME, CATEGORY_ID) VALUES(64, 'aliquyam', 2)
INSERT INTO expression(ID, NAME, CATEGORY_ID) VALUES(65, 'erat', 2)
INSERT INTO expression(ID, NAME, CATEGORY_ID) VALUES(66, 'Merkel', 0)
INSERT INTO expression(ID, NAME, CATEGORY_ID) VALUES(67, 'Krapfen', 0)
INSERT INTO expression(ID, NAME, CATEGORY_ID) VALUES(68, 'Fussball', 0)
INSERT INTO expression(ID, NAME, CATEGORY_ID) VALUES(69, 'Weisswurst', 0)
INSERT INTO expression(ID, NAME, CATEGORY_ID) VALUES(70, 'Zugspitze', 0)
INSERT INTO expression(ID, NAME, CATEGORY_ID) VALUES(71, 'Schloss Neuschwanstein', 0)
INSERT INTO expression(ID, NAME, CATEGORY_ID) VALUES(72, 'Alexanderturm', 0)
INSERT INTO expression(ID, NAME, CATEGORY_ID) VALUES(73, 'Mauerfall', 0)
INSERT INTO expression(ID, NAME, CATEGORY_ID) VALUES(74, 'Sandalen mit Socken', 0)
INSERT INTO expression(ID, NAME, CATEGORY_ID) VALUES(75, 'Pfand', 0)
INSERT INTO expression(ID, NAME, CATEGORY_ID) VALUES(76, 'Lenses', 1)
INSERT INTO expression(ID, NAME, CATEGORY_ID) VALUES(77, 'Functors', 1)
INSERT INTO expression(ID, NAME, CATEGORY_ID) VALUES(78, 'Peyton-Jones', 1)
INSERT INTO expression(ID, NAME, CATEGORY_ID) VALUES(79, 'Lazy Evaluation', 1)
INSERT INTO expression(ID, NAME, CATEGORY_ID) VALUES(80, 'List Comprehensions', 1)
INSERT INTO expression(ID, NAME, CATEGORY_ID) VALUES(81, 'Just Maybe Tuple', 1)
INSERT INTO expression(ID, NAME, CATEGORY_ID) VALUES(82, 'Filter', 1)
INSERT INTO expression(ID, NAME, CATEGORY_ID) VALUES(83, 'Depression', 1)
INSERT INTO expression(ID, NAME, CATEGORY_ID) VALUES(84, 'Despair', 1)
INSERT INTO expression(ID, NAME, CATEGORY_ID) VALUES(85, 'No Side Effects', 1)
INSERT INTO expression(ID, NAME, CATEGORY_ID) VALUES(86, 'Curry', 1)
INSERT INTO expression(ID, NAME, CATEGORY_ID) VALUES(87, 'Uncurry', 1)
INSERT INTO expression(ID, NAME, CATEGORY_ID) VALUES(88, 'sed', 2)
INSERT INTO expression(ID, NAME, CATEGORY_ID) VALUES(89, 'diam', 2)
INSERT INTO expression(ID, NAME, CATEGORY_ID) VALUES(90, 'voluptua', 2)
INSERT INTO expression(ID, NAME, CATEGORY_ID) VALUES(91, 'at', 2)

INSERT INTO completed_game(ID, END_TIME, START_TIME, CATEGORY_ID) VALUES (0, '2020-12-14 18:52:14.1', '2020-12-14 18:36:14.1', 0)
INSERT INTO completed_game(ID, END_TIME, START_TIME, CATEGORY_ID) VALUES (1, '2020-12-15 15:56:14.1', '2020-12-15 15:32:14.1', 1)
INSERT INTO completed_game(ID, END_TIME, START_TIME, CATEGORY_ID) VALUES (2, '2020-12-18 16:46:14.1', '2020-12-15 16:42:14.1', 1)


INSERT INTO completed_game_team(ID, NUMBER_OF_GUESSED_EXPRESSIONS, NUMBER_OF_WRONG_EXPRESSIONS, SCORE, HAS_WON) VALUES (0,20,5, 40, true)
INSERT INTO completed_game_team(ID, NUMBER_OF_GUESSED_EXPRESSIONS, NUMBER_OF_WRONG_EXPRESSIONS, SCORE, HAS_WON) VALUES (1,10,15, 10, false)

INSERT INTO completed_game_team(ID, NUMBER_OF_GUESSED_EXPRESSIONS, NUMBER_OF_WRONG_EXPRESSIONS, SCORE, HAS_WON) VALUES (2,20,5, 40, true)
INSERT INTO completed_game_team(ID, NUMBER_OF_GUESSED_EXPRESSIONS, NUMBER_OF_WRONG_EXPRESSIONS, SCORE, HAS_WON) VALUES (3,5,20, 0, false)

INSERT INTO completed_game_team(ID, NUMBER_OF_GUESSED_EXPRESSIONS, NUMBER_OF_WRONG_EXPRESSIONS, SCORE, HAS_WON) VALUES (4,15,10, 40, true)
INSERT INTO completed_game_team(ID, NUMBER_OF_GUESSED_EXPRESSIONS, NUMBER_OF_WRONG_EXPRESSIONS, SCORE, HAS_WON) VALUES (5,10,15, 0, false)


INSERT INTO completed_game_attended_teams(COMPLETED_GAME_ID, ATTENDED_TEAMS_ID) VALUES (0,0)
INSERT INTO completed_game_attended_teams(COMPLETED_GAME_ID, ATTENDED_TEAMS_ID) VALUES (0,1)

INSERT INTO completed_game_attended_teams(COMPLETED_GAME_ID, ATTENDED_TEAMS_ID) VALUES (1,2)
INSERT INTO completed_game_attended_teams(COMPLETED_GAME_ID, ATTENDED_TEAMS_ID) VALUES (1,3)

INSERT INTO completed_game_attended_teams(COMPLETED_GAME_ID, ATTENDED_TEAMS_ID) VALUES (2,4)
INSERT INTO completed_game_attended_teams(COMPLETED_GAME_ID, ATTENDED_TEAMS_ID) VALUES (2,5)


INSERT INTO completed_game_team_players(COMPLETED_GAME_TEAM_ID, PLAYERS_ID) VALUES (0,1)
INSERT INTO completed_game_team_players(COMPLETED_GAME_TEAM_ID, PLAYERS_ID) VALUES (0,2)

INSERT INTO completed_game_team_players(COMPLETED_GAME_TEAM_ID, PLAYERS_ID) VALUES (1,3)
INSERT INTO completed_game_team_players(COMPLETED_GAME_TEAM_ID, PLAYERS_ID) VALUES (1,4)

INSERT INTO completed_game_team_players(COMPLETED_GAME_TEAM_ID, PLAYERS_ID) VALUES (2,5)
INSERT INTO completed_game_team_players(COMPLETED_GAME_TEAM_ID, PLAYERS_ID) VALUES (2,6)

INSERT INTO completed_game_team_players(COMPLETED_GAME_TEAM_ID, PLAYERS_ID) VALUES (3,7)
INSERT INTO completed_game_team_players(COMPLETED_GAME_TEAM_ID, PLAYERS_ID) VALUES (3,0)

INSERT INTO completed_game_team_players(COMPLETED_GAME_TEAM_ID, PLAYERS_ID) VALUES (4,0)
INSERT INTO completed_game_team_players(COMPLETED_GAME_TEAM_ID, PLAYERS_ID) VALUES (4,1)

INSERT INTO completed_game_team_players(COMPLETED_GAME_TEAM_ID, PLAYERS_ID) VALUES (5,6)
INSERT INTO completed_game_team_players(COMPLETED_GAME_TEAM_ID, PLAYERS_ID) VALUES (5,7)


INSERT INTO raspberryid(ID) VALUES ('TESTRASPIID')
